coronavirus,covid
climatechange,climate change
global warming,climate change
pandemic ,covid
mueller,corrupt
guidelines,covid
russian,russia
putin,russia
gun control,gun rights
gun policy,gun rights
college loan,student debt
student loan,student debt
gay right,lgbt
same sex marriage,lgbt
racism ,race inequality
unemployment,jobs
racist,race inequality
tariffs,trade
national debt,gdp
the wall,immigration
border,immigration
illegal immigrant,immigration
illegal alien,immigration
DACA,immigration
dreamer,immigration
ACA,healthcare
Affordable Care Act,healthcare
health care,healthcare
blm,race inequality
black lives matter,race inequality
white supremacy,white supremacy
ALM,white supremacy
all lives matter,white supremacy
white supremacist,white supremacy
supremacist,white supremacy
KKK,white supremacy
gun violence,gun rights
obamacare,healthcare
joebiden,biden
realdonaldtrump,trump
donald,trump
disinformation,misinformation
ukrainian,ukraine
outbreak,covid
collusion,corrupt
chinabitchbiden,china bitch biden
hunter biden,email
donaldtrump,trump
climate change,climate-change
gun rights,gun-rights
student debt,student-debt
child care,child-care
race inequality,race-inequality
white supremacy,white-supremacy
supreme court,supreme-court
